{
  "Delete  Products" : {
    "transaction" : "Delete  Products",
    "sampleCount" : 200,
    "errorCount" : 0,
    "errorPct" : 0.0,
    "meanResTime" : 1490.9450000000004,
    "medianResTime" : 1498.0,
    "minResTime" : 28.0,
    "maxResTime" : 2599.0,
    "pct1ResTime" : 2164.9,
    "pct2ResTime" : 2283.85,
    "pct3ResTime" : 2530.2700000000004,
    "throughput" : 0.9345445030092333,
    "receivedKBytesPerSec" : 0.8021567826903667,
    "sentKBytesPerSec" : 0.41251378453141935
  },
  "Get Categories" : {
    "transaction" : "Get Categories",
    "sampleCount" : 200,
    "errorCount" : 0,
    "errorPct" : 0.0,
    "meanResTime" : 1319.03,
    "medianResTime" : 1301.5,
    "minResTime" : 185.0,
    "maxResTime" : 2424.0,
    "pct1ResTime" : 2101.6,
    "pct2ResTime" : 2205.95,
    "pct3ResTime" : 2354.95,
    "throughput" : 0.9314759702486576,
    "receivedKBytesPerSec" : 0.9733196173496714,
    "sentKBytesPerSec" : 0.13098880831621745
  },
  "Update Profile" : {
    "transaction" : "Update Profile",
    "sampleCount" : 200,
    "errorCount" : 0,
    "errorPct" : 0.0,
    "meanResTime" : 2381.7099999999996,
    "medianResTime" : 2347.5,
    "minResTime" : 1017.0,
    "maxResTime" : 4222.0,
    "pct1ResTime" : 3062.8,
    "pct2ResTime" : 3240.7499999999995,
    "pct3ResTime" : 3928.890000000002,
    "throughput" : 0.9288500835965074,
    "receivedKBytesPerSec" : 1.287944977243173,
    "sentKBytesPerSec" : 5.124508543969441
  },
  "Create Products" : {
    "transaction" : "Create Products",
    "sampleCount" : 200,
    "errorCount" : 0,
    "errorPct" : 0.0,
    "meanResTime" : 1357.975,
    "medianResTime" : 1333.0,
    "minResTime" : 760.0,
    "maxResTime" : 2210.0,
    "pct1ResTime" : 1746.0,
    "pct2ResTime" : 1854.95,
    "pct3ResTime" : 2150.970000000001,
    "throughput" : 0.9255017376295124,
    "receivedKBytesPerSec" : 1.9819113577573242,
    "sentKBytesPerSec" : 13.741495506689064
  },
  "Get Profile" : {
    "transaction" : "Get Profile",
    "sampleCount" : 200,
    "errorCount" : 0,
    "errorPct" : 0.0,
    "meanResTime" : 1293.5500000000002,
    "medianResTime" : 1279.5,
    "minResTime" : 198.0,
    "maxResTime" : 3128.0,
    "pct1ResTime" : 1733.9,
    "pct2ResTime" : 2139.2499999999986,
    "pct3ResTime" : 2340.6100000000006,
    "throughput" : 0.9285180387841985,
    "receivedKBytesPerSec" : 1.2875026985055502,
    "sentKBytesPerSec" : 0.3817442327423316
  },
  "Create Offers" : {
    "transaction" : "Create Offers",
    "sampleCount" : 200,
    "errorCount" : 0,
    "errorPct" : 0.0,
    "meanResTime" : 1217.1799999999992,
    "medianResTime" : 1200.5,
    "minResTime" : 412.0,
    "maxResTime" : 2109.0,
    "pct1ResTime" : 1683.2000000000003,
    "pct2ResTime" : 1824.4499999999998,
    "pct3ResTime" : 2097.71,
    "throughput" : 0.9202129372736851,
    "receivedKBytesPerSec" : 2.4214855270634623,
    "sentKBytesPerSec" : 0.47538344122830023
  },
  "Get Offers" : {
    "transaction" : "Get Offers",
    "sampleCount" : 200,
    "errorCount" : 0,
    "errorPct" : 0.0,
    "meanResTime" : 1582.3299999999995,
    "medianResTime" : 1564.5,
    "minResTime" : 808.0,
    "maxResTime" : 2743.0,
    "pct1ResTime" : 2003.9,
    "pct2ResTime" : 2344.099999999998,
    "pct3ResTime" : 2652.63,
    "throughput" : 0.92103081769116,
    "receivedKBytesPerSec" : 15.2992932815407,
    "sentKBytesPerSec" : 0.38766043205555656
  },
  "Get ProductsId" : {
    "transaction" : "Get ProductsId",
    "sampleCount" : 200,
    "errorCount" : 0,
    "errorPct" : 0.0,
    "meanResTime" : 958.4949999999997,
    "medianResTime" : 953.0,
    "minResTime" : 439.0,
    "maxResTime" : 1784.0,
    "pct1ResTime" : 1270.7,
    "pct2ResTime" : 1405.55,
    "pct3ResTime" : 1747.4700000000023,
    "throughput" : 0.9301763149204932,
    "receivedKBytesPerSec" : 2.1540212830154455,
    "sentKBytesPerSec" : 0.3560831205555013
  },
  "Update Offers" : {
    "transaction" : "Update Offers",
    "sampleCount" : 200,
    "errorCount" : 0,
    "errorPct" : 0.0,
    "meanResTime" : 1414.5299999999988,
    "medianResTime" : 1353.5,
    "minResTime" : 533.0,
    "maxResTime" : 3122.0,
    "pct1ResTime" : 1970.5,
    "pct2ResTime" : 2187.95,
    "pct3ResTime" : 2472.3800000000006,
    "throughput" : 0.919079633654858,
    "receivedKBytesPerSec" : 2.4133918231782694,
    "sentKBytesPerSec" : 0.44338412014208967
  },
  "Get Products" : {
    "transaction" : "Get Products",
    "sampleCount" : 200,
    "errorCount" : 0,
    "errorPct" : 0.0,
    "meanResTime" : 1176.6799999999992,
    "medianResTime" : 1141.0,
    "minResTime" : 406.0,
    "maxResTime" : 2253.0,
    "pct1ResTime" : 1700.4,
    "pct2ResTime" : 2009.499999999999,
    "pct3ResTime" : 2195.290000000001,
    "throughput" : 0.9348328051527984,
    "receivedKBytesPerSec" : 12.15351115898234,
    "sentKBytesPerSec" : 0.35512691523870954
  },
  "Registration" : {
    "transaction" : "Registration",
    "sampleCount" : 200,
    "errorCount" : 0,
    "errorPct" : 0.0,
    "meanResTime" : 2249.1150000000016,
    "medianResTime" : 2184.0,
    "minResTime" : 1128.0,
    "maxResTime" : 3668.0,
    "pct1ResTime" : 2887.6000000000004,
    "pct2ResTime" : 3113.3499999999995,
    "pct3ResTime" : 3526.680000000001,
    "throughput" : 0.9130418903619297,
    "receivedKBytesPerSec" : 1.5587559932640334,
    "sentKBytesPerSec" : 0.2741443941510536
  },
  "Sign_in Buyer" : {
    "transaction" : "Sign_in Buyer",
    "sampleCount" : 200,
    "errorCount" : 0,
    "errorPct" : 0.0,
    "meanResTime" : 2265.2099999999987,
    "medianResTime" : 2308.5,
    "minResTime" : 840.0,
    "maxResTime" : 3417.0,
    "pct1ResTime" : 3100.1,
    "pct2ResTime" : 3167.0,
    "pct3ResTime" : 3315.2400000000007,
    "throughput" : 0.9224368937860039,
    "receivedKBytesPerSec" : 1.8286140356844711,
    "sentKBytesPerSec" : 0.2711460010054562
  },
  "Total" : {
    "transaction" : "Total",
    "sampleCount" : 3000,
    "errorCount" : 0,
    "errorPct" : 0.0,
    "meanResTime" : 1548.2216666666682,
    "medianResTime" : 1421.0,
    "minResTime" : 28.0,
    "maxResTime" : 4222.0,
    "pct1ResTime" : 2492.8,
    "pct2ResTime" : 2817.8999999999996,
    "pct3ResTime" : 3221.959999999999,
    "throughput" : 12.767315671879986,
    "receivedKBytesPerSec" : 44.37883185711246,
    "sentKBytesPerSec" : 21.427541327534843
  },
  "Get Categories By Id" : {
    "transaction" : "Get Categories By Id",
    "sampleCount" : 200,
    "errorCount" : 0,
    "errorPct" : 0.0,
    "meanResTime" : 1033.5150000000003,
    "medianResTime" : 978.0,
    "minResTime" : 102.0,
    "maxResTime" : 2431.0,
    "pct1ResTime" : 1648.9,
    "pct2ResTime" : 1915.2999999999997,
    "pct3ResTime" : 2305.1000000000017,
    "throughput" : 0.9383635877393414,
    "receivedKBytesPerSec" : 0.6726160873053482,
    "sentKBytesPerSec" : 0.1337901209081483
  },
  "Sign_in Seller" : {
    "transaction" : "Sign_in Seller",
    "sampleCount" : 200,
    "errorCount" : 0,
    "errorPct" : 0.0,
    "meanResTime" : 2333.605000000001,
    "medianResTime" : 2283.0,
    "minResTime" : 834.0,
    "maxResTime" : 4002.0,
    "pct1ResTime" : 3104.0,
    "pct2ResTime" : 3261.5499999999997,
    "pct3ResTime" : 3542.3400000000015,
    "throughput" : 0.9127168843496436,
    "receivedKBytesPerSec" : 1.815023091737174,
    "sentKBytesPerSec" : 0.26650619962943695
  },
  "Update  Products" : {
    "transaction" : "Update  Products",
    "sampleCount" : 200,
    "errorCount" : 0,
    "errorPct" : 0.0,
    "meanResTime" : 1149.4549999999983,
    "medianResTime" : 1155.5,
    "minResTime" : 476.0,
    "maxResTime" : 2337.0,
    "pct1ResTime" : 1566.4,
    "pct2ResTime" : 1670.3999999999999,
    "pct3ResTime" : 1810.7900000000002,
    "throughput" : 0.9229093795280241,
    "receivedKBytesPerSec" : 1.6075747498915582,
    "sentKBytesPerSec" : 0.5587927883861084
  }
}